{"cameraMode":{"drawMode":0,"name":"Shaded","section":"Shading Mode"},"sceneLighting":false,"audioPlay":false,"sceneViewState":{"showFog":true,"showMaterialUpdate":false,"showSkybox":false,"showFlares":true,"showImageEffects":true,"showParticleSystems":true},"in2DMode":false,"pivot":{"x":2.715088129043579,"y":2.6797287464141847,"z":18.92547607421875},"rotation":{"x":-0.047390274703502658,"y":-0.062298938632011417,"z":0.0029833305161446335,"w":-0.9969645142555237},"size":29.851524353027345,"orthographic":false}