{"cameraMode":{"drawMode":0,"name":"Shaded","section":"Shading Mode"},"sceneLighting":true,"audioPlay":false,"sceneViewState":{"showFog":true,"showMaterialUpdate":false,"showSkybox":true,"showFlares":true,"showImageEffects":true,"showParticleSystems":true},"in2DMode":false,"pivot":{"x":3.816359519958496,"y":7.353443145751953,"z":-2.676450729370117},"rotation":{"x":0.12575189769268037,"y":0.8226085305213928,"z":-0.1999979317188263,"w":0.5172197818756104},"size":12.032423973083496,"orthographic":false}